file,execution_time,memory_usage,sp_score,tc_score
BBA0001,1.1679515838623047,1.19140625,142324,9
BBA0002,1.1583726406097412,1.65234375,276119,4
BBA0003,2.5358879566192627,1.6796875,1323592,0
BBA0004,4.6903297901153564,1.65234375,4015584,0
BBA0005,0.48442864418029785,1.48828125,105400,8
BBA0006,2.0520846843719482,1.39453125,1737004,0
BBA0007,0.30377197265625,1.69140625,91153,4
BBA0008,2.5630412101745605,1.15234375,1296665,1
BBA0009,1.1860496997833252,1.3984375,257804,8
