file,execution_time,memory_usage,sp_score,tc_score
BBA0001,2.7559454441070557,1.07421875,183095,8
BBA0002,2.220658779144287,1.52734375,270908,4
BBA0003,8.032081842422485,1.49609375,1432425,0
BBA0004,11.727054595947266,1.39453125,5646644,0
BBA0005,1.3848965167999268,1.48828125,127071,8
BBA0006,7.366668224334717,1.49609375,1856693,0
BBA0007,0.4862239360809326,1.44921875,110390,4
BBA0008,4.8903114795684814,1.2734375,1397246,1
BBA0009,0.6723802089691162,1.49609375,241930,8
