file,execution_time,memory_usage,sp_score,tc_score
BBA0001,0.3341200351715088,1.2265625,205442,8
BBA0002,0.06620645523071289,1.16796875,288720,4
BBA0003,0.27428364753723145,1.3984375,1380467,0
BBA0004,0.11548304557800293,1.48828125,6315615,0
BBA0005,0.05284404754638672,1.48828125,112824,7
BBA0006,0.4294619560241699,1.16796875,1969525,0
BBA0007,0.05279040336608887,1.01953125,95848,4
BBA0008,0.06639432907104492,1.46875,1379277,1
BBA0009,0.052036285400390625,1.65234375,280046,8
