file,execution_time,memory_usage,sp_score,tc_score
BBA0001,0.29557085037231445,1.68359375,211381,8
BBA0002,0.1331923007965088,1.44921875,295235,4
BBA0003,0.15715932846069336,1.62890625,1521623,0
BBA0004,0.16584992408752441,1.5,8444284,0
BBA0005,0.12544775009155273,1.390625,134041,8
BBA0006,0.16099023818969727,1.52734375,1916670,0
BBA0007,0.13717031478881836,1.50390625,108617,4
BBA0008,0.13808202743530273,1.3984375,1553352,1
BBA0009,0.13895559310913086,1.0234375,279470,9
