file,execution_time,memory_usage,sp_score,tc_score
BBA0001,2.7952873706817627,1.49609375,302186,8
BBA0002,4.178608179092407,1.46875,286343,4
BBA0003,8.283491373062134,1.16015625,2096063,0
BBA0004,79.38458323478699,1.66015625,13716038,0
BBA0005,0.8876872062683105,1.42578125,132176,8
BBA0006,9.25233244895935,1.46484375,4050243,0
BBA0007,0.8824095726013184,1.68359375,94944,4
BBA0008,5.735660791397095,1.46484375,2037250,1
BBA0009,1.6056227684020996,1.46484375,285823,8
