file,execution_time,memory_usage,sp_score,tc_score
BBA0001,8.744632720947266,1.3984375,254192,8
BBA0002,5.396855115890503,1.65234375,280337,4
BBA0003,10.198460102081299,1.55078125,1730099,0
BBA0004,21.237773895263672,1.3984375,7803961,0
BBA0005,3.508295774459839,1.50390625,129103,7
BBA0006,14.983960628509521,0.734375,2102815,0
BBA0007,4.81934928894043,1.46484375,108745,4
BBA0008,11.661834478378296,1.03125,1764207,1
BBA0009,6.153303146362305,1.33203125,267136,8
