{
    "algorithm": "clustalw2",
    "sp_score": 9245645,
    "tc_score": 34,
    "execution_time": 16.141918182373047,
    "usage_memory": 123.30078125
}
