{
    "algorithm": "clustalo",
    "sp_score": 11266402,
    "tc_score": 33,
    "execution_time": 39.53622102737427,
    "usage_memory": 413.6953125
}
