{
    "algorithm": "famsa",
    "sp_score": 12027764,
    "tc_score": 32,
    "execution_time": 1.443620204925537,
    "usage_memory": 113.078125
}
