{
    "algorithm": "mafft",
    "sp_score": 14464673,
    "tc_score": 34,
    "execution_time": 1.452418327331543,
    "usage_memory": 43.10546875
}
