{
    "algorithm": "muscle5",
    "sp_score": 23001066,
    "tc_score": 33,
    "execution_time": 113.00568294525146,
    "usage_memory": 150.2890625
}
