{
    "algorithm": "pasta",
    "sp_score": 14440595,
    "tc_score": 32,
    "execution_time": 86.70446515083313,
    "usage_memory": 371.06640625
}
